	Results	σx
m	-0.021602578879836187	0.1348642858328979
σΔΝ	-0.019586460915092863	0.0036146711014530086
Method used: 2